0.716173887252808,,
0.546027183532715,,0.540
0.549612760543823,,
0.473994970321655,,
0.552451372146606,,
0.531933546066284,,
0.49677300453186,,
0.576748132705689,,
0.559096574783325,,
0.522481203079224,,
0.555987596511841,,
0.61289119720459,,
0.61236047744751,,
0.550772428512573,,
0.516870737075806,,
0.51996922492981,,
0.520559310913086,,
0.49164867401123,,
0.519694805145264,,
0.496596097946167,,
0.595486640930176,,
0.481314659118652,,
0.496593713760376,,
0.526273012161255,,
0.504053115844727,,
0.540294647216797,,
0.522967100143433,,
0.533362627029419,,
0.488762617111206,,
0.496795892715454,,
